Sezione,Marca,Sottocategoria,SKU,Taglie,Prezzo,Prezzo Scontato
Sneakers,Nike,Nike Dunk,,,,
Sneakers,Nike,Nike Dunk SB,,,,
Sneakers,Nike,Nike Air Force 1,,,,
Sneakers,Nike,Nike Travis Scott,,,,
Sneakers,Nike,Nike Nocta,,,,
Sneakers,Nike,Nike Off White,,,,
Sneakers,Nike,Nike Supreme,,,,
Sneakers,Nike,Nike Corteiz,,,,
Sneakers,Jordan,Jordan 1 Low,,,,
Sneakers,Jordan,Jordan 1 Mid,,,,
Sneakers,Jordan,Jordan 1 High,,,,
Sneakers,Jordan,Jordan 3,,,,
Sneakers,Jordan,Jordan 4,,,,
Sneakers,Jordan,Jordan 5,,,,
Sneakers,Jordan,Jordan 6,,,,
Sneakers,Jordan,Jordan 11,,,,
Sneakers,Jordan,Jordan 12,,,,
Sneakers,Jordan,Jordan 13,,,,
Sneakers,Adidas,Adidas Campus,,,,
Sneakers,Adidas,Adidas Gazelle,,,,
Sneakers,Adidas,Adidas Samba,,,,
Sneakers,Adidas,Adidas Spezial,,,,
Sneakers,New Balance,New Balance 9060,,,,
Sneakers,New Balance,New Balance 1906R,,,,
Sneakers,New Balance,New Balance 550,,,,
Sneakers,New Balance,New Balance 530,,,,
Sneakers,New Balance,New Balance 2002,,,,
Sneakers,New Balance,New Balance 2041,,,,
Sneakers,Asics,Asics Gel-Kayano,,,,
Sneakers,Asics,Asics Gel-NYC,,,,
Sneakers,Asics,Asics Gel-1130,,,,
Sneakers,Asics,Asics GT-2160,,,,
Sneakers,Yeezy,Yeezy 350,,,,
Sneakers,Yeezy,Yeezy 500,,,,
Sneakers,Yeezy,Yeezy 700,,,,
Sneakers,Yeezy,Yeezy Foam,,,,
Sneakers,Yeezy,Yeezy Slide,,,,
Abbigliamento,Supreme,,,,,
Abbigliamento,Corteiz,,,,,
Abbigliamento,Essentials,,,,,
Abbigliamento,Chrome Hearts,,,,,
Abbigliamento,Travis Scott,,,,,
Abbigliamento,C.P. Company,,,,,
Abbigliamento,Bape,,,,,
Abbigliamento,Kaws,,,,,
Abbigliamento,Sp5der,,,,,
Accessori,,Beanie,,,,
Accessori,,59FIFTY,,,,
Accessori,,Cappelli,,,,
Accessori,,Labubu,,,,
